accuracy,macro_f1,weighted_f1,macro_precision,macro_recall,task_type
0.9261,0.9260598586366553,0.926067094418889,0.926778204785435,0.9260184749658984,a
