accuracy,macro_f1,weighted_f1,macro_precision,macro_recall,task_type
0.8829,0.08525533630425021,0.8279913006532477,0.08026363636363637,0.09090909090909091,b
