accuracy,macro_f1,weighted_f1,macro_precision,macro_recall,task_type
0.8804,0.8798211755169126,0.8798562052406731,0.8871310552692824,0.8801240453881607,a
