accuracy,macro_f1,weighted_f1,macro_precision,macro_recall,task_type
0.9029,0.9025480024101856,0.9025726012434174,0.9081484454824114,0.9026635029841926,a
