accuracy,macro_f1,weighted_f1,macro_precision,macro_recall,task_type
0.9278,0.4238406225420233,0.9223061757858966,0.480218014737267,0.41878492070491274,b
