accuracy,macro_f1,weighted_f1,macro_precision,macro_recall,task_type
0.8875,0.8871136747734936,0.8871414109436019,0.8922540983872234,0.8872699514419434,a
