accuracy,macro_f1,weighted_f1,macro_precision,macro_recall,task_type
0.0834,0.08770479105639385,0.08934412838731627,0.14170896144797862,0.3378609915616966,b
