accuracy,macro_f1,weighted_f1,macro_precision,macro_recall,task_type
0.0482,0.06362900364808838,0.023583323801093344,0.12802882186590434,0.3211207180983609,b
