accuracy,macro_f1,weighted_f1,macro_precision,macro_recall,task_type
0.8556,0.8548517258109698,0.8548954967245344,0.8623485474189215,0.8553135277306292,a
