accuracy,macro_f1,weighted_f1,macro_precision,macro_recall,task_type
0.8716,0.8705467632879815,0.8705958053521775,0.8831246360248679,0.8712365286123647,a
